# Simulation 1 (Up to date),,,,,,,
# 819 data points written for 8 variables.,,,,,,,
# Simulation warnings:,,,,,,,
#   Recovery device deployment at high speed (114 m/s),,,,,,,
#,,,,,,,
# Time (s),Thrust (N),Drag force (N),Drag coefficient (​),Axial drag coefficient (​),Friction drag coefficient (​),Pressure drag coefficient (​),Base drag coefficient (​)
# Event IGNITION occurred at t=0 seconds,,,,,,,
# Event LAUNCH occurred at t=0 seconds,,,,,,,
0.01,471.175,8.31E-06,0.596,1.89E-04,0.452,0.023,0.12
0.02,1413.524,0.001,0.592,0.031,0.448,0.023,0.12
0.03,2180.151,0.015,0.576,0.224,0.433,0.023,0.12
# Event LIFTOFF occurred at t=0.04 seconds,,,,,,,
0.04,2224.366,0.044,0.557,0.436,0.414,0.023,0.12
0.05,2190.483,0.084,0.54,0.565,0.397,0.023,0.12
0.06,2156.6,0.132,0.526,0.624,0.383,0.023,0.12
0.07,2124.312,0.187,0.514,0.647,0.371,0.023,0.12
0.08,2117.203,0.247,0.504,0.651,0.361,0.023,0.12
0.09,2118.781,0.312,0.496,0.645,0.352,0.023,0.12
0.1,2120.36,0.381,0.488,0.632,0.345,0.023,0.12
0.11,2121.938,0.452,0.482,0.614,0.338,0.023,0.12
0.12,2123.517,0.527,0.476,0.596,0.333,0.023,0.12
0.13,2125.095,0.605,0.471,0.578,0.327,0.023,0.12
0.14,2126.674,0.687,0.466,0.562,0.323,0.023,0.12
0.15,2128.23,0.772,0.462,0.548,0.318,0.023,0.12
0.159,2129.711,0.855,0.458,0.536,0.315,0.023,0.12
0.167,2131.094,0.941,0.457,0.529,0.314,0.023,0.12
# Event LAUNCHROD occurred at t=0.175 seconds,,,,,,,
0.175,2132.396,1.029,0.457,0.524,0.314,0.023,0.12
0.187,2133.978,1.167,0.457,0.517,0.314,0.023,0.12
0.205,2136.35,1.394,0.457,0.509,0.314,0.023,0.12
0.232,2139.909,1.784,0.458,0.501,0.314,0.024,0.12
0.273,2145.248,2.46,0.458,0.493,0.314,0.024,0.121
0.323,2152.397,3.441,0.458,0.484,0.314,0.024,0.121
0.373,2160.29,4.577,0.458,0.477,0.314,0.024,0.121
0.423,2168.182,5.886,0.458,0.471,0.313,0.024,0.121
0.473,2176.074,7.389,0.459,0.468,0.313,0.024,0.122
0.523,2183.967,9.071,0.459,0.465,0.313,0.024,0.122
0.573,2191.859,10.942,0.459,0.464,0.313,0.024,0.122
0.623,2199.751,13.017,0.46,0.462,0.313,0.024,0.123
0.673,2207.643,15.295,0.46,0.462,0.313,0.024,0.123
0.723,2215.536,17.777,0.461,0.462,0.313,0.024,0.124
0.773,2223.428,20.466,0.461,0.462,0.313,0.024,0.124
0.823,2231.32,23.372,0.462,0.462,0.313,0.024,0.125
0.873,2239.213,26.509,0.462,0.462,0.312,0.024,0.126
0.923,2247.105,29.884,0.463,0.463,0.312,0.024,0.127
0.973,2254.997,33.502,0.464,0.465,0.312,0.024,0.127
1.023,2262.889,37.348,0.464,0.466,0.312,0.024,0.128
1.073,2276.763,41.419,0.465,0.467,0.312,0.025,0.129
1.123,2302.181,45.748,0.466,0.467,0.311,0.025,0.13
1.173,2327.89,50.332,0.467,0.468,0.311,0.025,0.131
1.223,2353.6,55.2,0.468,0.468,0.311,0.025,0.132
1.273,2379.309,60.378,0.469,0.469,0.311,0.025,0.133
1.323,2405.018,65.881,0.47,0.47,0.31,0.025,0.134
1.373,2428.294,71.721,0.471,0.471,0.31,0.025,0.135
1.423,2426.702,77.837,0.472,0.472,0.31,0.025,0.137
1.473,2418.599,84.206,0.473,0.473,0.309,0.026,0.138
1.523,2410.495,90.828,0.474,0.475,0.309,0.026,0.139
1.573,2402.392,97.665,0.476,0.476,0.309,0.026,0.141
1.623,2394.288,104.719,0.477,0.477,0.308,0.026,0.142
1.673,2386.185,111.997,0.478,0.478,0.308,0.026,0.144
1.723,2378.082,119.51,0.479,0.479,0.308,0.026,0.145
1.773,2369.978,127.277,0.481,0.481,0.307,0.027,0.147
1.823,2361.875,135.296,0.482,0.482,0.307,0.027,0.149
1.873,2353.771,143.534,0.484,0.484,0.306,0.027,0.15
1.923,2345.668,151.957,0.485,0.485,0.306,0.027,0.152
1.973,2337.565,160.574,0.487,0.487,0.306,0.027,0.154
2.023,2329.461,169.429,0.488,0.488,0.305,0.028,0.156
2.073,2321.358,178.531,0.49,0.49,0.305,0.028,0.157
2.123,2313.254,187.839,0.492,0.492,0.304,0.028,0.159
2.173,2305.151,197.348,0.493,0.493,0.304,0.028,0.161
2.223,2297.048,207.04,0.495,0.495,0.303,0.029,0.163
2.273,2285.966,216.917,0.497,0.497,0.303,0.029,0.165
2.323,2247.252,226.849,0.498,0.498,0.302,0.029,0.167
2.373,2201.803,236.741,0.5,0.5,0.302,0.029,0.169
2.423,2153.482,246.512,0.502,0.502,0.301,0.029,0.171
2.473,2069.062,255.965,0.503,0.503,0.301,0.03,0.173
2.523,1973.765,265.048,0.505,0.505,0.301,0.03,0.174
2.573,1878.469,273.68,0.506,0.507,0.3,0.03,0.176
2.623,1811.677,281.944,0.508,0.508,0.3,0.03,0.178
2.673,1786.502,290.151,0.509,0.509,0.299,0.031,0.179
2.723,1761.684,298.328,0.511,0.511,0.299,0.031,0.181
2.773,1736.866,306.408,0.512,0.512,0.299,0.031,0.182
2.823,1712.048,314.371,0.513,0.513,0.298,0.031,0.184
2.873,1687.23,322.276,0.515,0.515,0.298,0.031,0.186
2.923,1662.412,330.074,0.516,0.516,0.298,0.031,0.187
2.973,1637.594,337.737,0.517,0.517,0.297,0.032,0.189
3.023,1612.775,345.288,0.519,0.519,0.297,0.032,0.19
3.073,1588.066,352.732,0.52,0.52,0.297,0.032,0.191
3.123,1568.755,360.069,0.521,0.521,0.296,0.032,0.193
3.173,1552.455,367.313,0.522,0.522,0.296,0.032,0.194
3.223,1536.154,374.48,0.524,0.524,0.295,0.032,0.196
3.273,1519.853,381.538,0.525,0.525,0.295,0.033,0.197
3.323,1503.552,388.472,0.526,0.526,0.295,0.033,0.198
3.373,1487.251,395.313,0.527,0.527,0.295,0.033,0.2
3.423,1470.95,402.047,0.528,0.528,0.294,0.033,0.201
3.473,1454.649,408.696,0.53,0.53,0.294,0.033,0.202
3.523,1438.348,415.259,0.531,0.531,0.294,0.033,0.204
3.573,1422.048,421.66,0.532,0.532,0.293,0.034,0.205
3.623,1408.051,427.957,0.533,0.533,0.293,0.034,0.206
3.673,1398.816,434.199,0.534,0.534,0.293,0.034,0.207
3.723,1389.726,440.354,0.535,0.535,0.292,0.034,0.209
3.773,1380.636,446.43,0.536,0.536,0.292,0.034,0.21
3.823,1371.546,452.433,0.537,0.537,0.292,0.034,0.211
3.873,1340.923,458.154,0.538,0.538,0.292,0.034,0.212
3.923,1243.237,462.981,0.539,0.539,0.291,0.035,0.213
3.973,991.216,465.456,0.539,0.539,0.291,0.035,0.214
4.023,697.459,465.163,0.539,0.539,0.291,0.035,0.214
4.073,553.127,463.535,0.539,0.539,0.291,0.035,0.214
4.123,431.877,460.818,0.539,0.539,0.291,0.035,0.213
4.173,376.244,457.62,0.539,0.539,0.291,0.035,0.213
4.223,344.902,454.19,0.538,0.538,0.291,0.034,0.212
4.273,313.56,450.521,0.538,0.538,0.292,0.034,0.212
4.323,282.218,446.619,0.537,0.537,0.292,0.034,0.211
4.373,247.15,442.474,0.537,0.537,0.292,0.034,0.211
4.423,180.581,437.792,0.536,0.536,0.292,0.034,0.21
4.473,106.87,432.541,0.535,0.535,0.292,0.034,0.209
4.523,41.456,426.823,0.535,0.535,0.292,0.034,0.208
4.573,25.95,421.078,0.534,0.534,0.293,0.034,0.207
4.623,18.783,415.379,0.533,0.533,0.293,0.034,0.206
4.673,11.615,409.704,0.532,0.532,0.293,0.034,0.206
4.723,4.448,404.066,0.531,0.531,0.293,0.034,0.205
# Event BURNOUT occurred at t=4.729 seconds,,,,,,,
# Event EJECTION_CHARGE occurred at t=4.729 seconds,,,,,,,
4.729,0.432,403.391,0.531,0.531,0.293,0.034,0.204
4.738,0,402.381,0.531,0.531,0.293,0.034,0.204
4.752,0,400.873,0.531,0.531,0.293,0.033,0.204
4.772,0,398.622,0.531,0.531,0.294,0.033,0.204
4.802,0,395.278,0.53,0.53,0.294,0.033,0.203
4.848,0,390.329,0.53,0.53,0.294,0.033,0.202
4.898,0,385.029,0.529,0.529,0.294,0.033,0.201
4.948,0,379.801,0.528,0.528,0.294,0.033,0.201
4.998,0,374.693,0.527,0.527,0.295,0.033,0.2
5.048,0,369.672,0.527,0.527,0.295,0.033,0.199
5.098,0,364.734,0.526,0.526,0.295,0.033,0.198
5.148,0,359.884,0.525,0.525,0.295,0.033,0.197
5.198,0,355.101,0.524,0.524,0.295,0.033,0.197
5.248,0,350.425,0.524,0.524,0.295,0.032,0.196
5.298,0,345.858,0.523,0.523,0.296,0.032,0.195
5.348,0,341.338,0.522,0.522,0.296,0.032,0.194
5.398,0,336.912,0.522,0.522,0.296,0.032,0.193
5.448,0,332.573,0.521,0.521,0.296,0.032,0.193
5.498,0,328.283,0.52,0.52,0.296,0.032,0.192
5.548,0,324.122,0.52,0.52,0.297,0.032,0.191
5.598,0,319.987,0.519,0.519,0.297,0.032,0.191
5.648,0,315.912,0.518,0.518,0.297,0.032,0.19
5.698,0,311.893,0.518,0.518,0.297,0.032,0.189
5.748,0,307.924,0.517,0.517,0.297,0.032,0.188
5.798,0,304.038,0.517,0.517,0.297,0.032,0.188
5.848,0,300.239,0.516,0.516,0.298,0.031,0.187
5.898,0,296.459,0.515,0.515,0.298,0.031,0.186
5.948,0,292.79,0.515,0.515,0.298,0.031,0.186
5.998,0,289.13,0.514,0.514,0.298,0.031,0.185
6.048,0,285.534,0.514,0.514,0.298,0.031,0.184
6.098,0,282.033,0.513,0.513,0.298,0.031,0.184
6.148,0,278.544,0.513,0.513,0.299,0.031,0.183
6.198,0,275.132,0.512,0.512,0.299,0.031,0.183
6.248,0,271.792,0.512,0.512,0.299,0.031,0.182
6.298,0,268.489,0.511,0.511,0.299,0.031,0.181
6.348,0,265.218,0.511,0.511,0.299,0.031,0.181
6.398,0,262.002,0.51,0.51,0.299,0.031,0.18
6.448,0,258.832,0.509,0.509,0.299,0.031,0.18
6.498,0,255.723,0.509,0.509,0.3,0.03,0.179
6.548,0,252.646,0.508,0.508,0.3,0.03,0.178
6.598,0,249.604,0.508,0.508,0.3,0.03,0.178
6.648,0,246.623,0.507,0.507,0.3,0.03,0.177
6.698,0,243.674,0.507,0.507,0.3,0.03,0.177
6.748,0,240.771,0.507,0.507,0.3,0.03,0.176
6.798,0,237.905,0.506,0.506,0.3,0.03,0.176
6.848,0,235.113,0.506,0.506,0.3,0.03,0.175
6.898,0,232.371,0.505,0.505,0.301,0.03,0.175
6.948,0,229.642,0.505,0.505,0.301,0.03,0.174
6.998,0,226.926,0.504,0.504,0.301,0.03,0.174
7.048,0,224.279,0.504,0.504,0.301,0.03,0.173
7.098,0,221.668,0.503,0.503,0.301,0.03,0.173
7.148,0,219.076,0.503,0.503,0.301,0.03,0.172
7.198,0,216.514,0.502,0.502,0.301,0.03,0.172
7.248,0,214,0.502,0.502,0.301,0.03,0.171
7.298,0,211.503,0.502,0.502,0.302,0.029,0.171
7.348,0,209.041,0.501,0.501,0.302,0.029,0.17
7.398,0,206.635,0.501,0.501,0.302,0.029,0.17
7.448,0,204.251,0.5,0.5,0.302,0.029,0.169
7.498,0,201.908,0.5,0.5,0.302,0.029,0.169
7.548,0,199.598,0.5,0.5,0.302,0.029,0.168
7.598,0,197.324,0.499,0.499,0.302,0.029,0.168
7.648,0,195.079,0.499,0.499,0.302,0.029,0.167
7.698,0,192.861,0.498,0.498,0.302,0.029,0.167
7.748,0,190.66,0.498,0.498,0.303,0.029,0.166
7.798,0,188.512,0.498,0.498,0.303,0.029,0.166
7.848,0,186.376,0.497,0.497,0.303,0.029,0.166
7.898,0,184.273,0.497,0.497,0.303,0.029,0.165
7.948,0,182.19,0.496,0.496,0.303,0.029,0.165
7.998,0,180.139,0.496,0.496,0.303,0.029,0.164
8.048,0,178.089,0.496,0.496,0.303,0.029,0.164
8.098,0,176.087,0.495,0.495,0.303,0.029,0.163
8.148,0,174.117,0.495,0.495,0.303,0.029,0.163
8.198,0,172.167,0.495,0.495,0.303,0.029,0.163
8.248,0,170.249,0.494,0.494,0.304,0.028,0.162
8.298,0,168.335,0.494,0.494,0.304,0.028,0.162
8.348,0,166.461,0.494,0.494,0.304,0.028,0.161
8.398,0,164.616,0.493,0.493,0.304,0.028,0.161
8.448,0,162.776,0.493,0.493,0.304,0.028,0.161
8.498,0,160.966,0.493,0.493,0.304,0.028,0.16
8.548,0,159.19,0.492,0.492,0.304,0.028,0.16
8.598,0,157.438,0.492,0.492,0.304,0.028,0.16
8.648,0,155.663,0.492,0.492,0.304,0.028,0.159
8.698,0,153.928,0.491,0.491,0.304,0.028,0.159
8.748,0,152.21,0.491,0.491,0.304,0.028,0.158
8.798,0,150.513,0.491,0.491,0.305,0.028,0.158
8.848,0,148.851,0.49,0.49,0.305,0.028,0.158
8.898,0,147.223,0.49,0.49,0.305,0.028,0.157
8.948,0,145.616,0.49,0.49,0.305,0.028,0.157
8.998,0,144.016,0.489,0.489,0.305,0.028,0.157
9.048,0,142.409,0.489,0.489,0.305,0.028,0.156
9.098,0,140.854,0.489,0.489,0.305,0.028,0.156
9.148,0,139.306,0.489,0.489,0.305,0.028,0.156
9.198,0,137.777,0.488,0.488,0.305,0.028,0.155
9.248,0,136.252,0.488,0.488,0.305,0.028,0.155
9.298,0,134.759,0.488,0.488,0.305,0.028,0.155
9.348,0,133.268,0.487,0.487,0.305,0.028,0.154
9.398,0,131.827,0.487,0.487,0.306,0.027,0.154
9.448,0,130.383,0.487,0.487,0.306,0.027,0.154
9.498,0,128.947,0.487,0.487,0.306,0.027,0.153
9.548,0,127.529,0.486,0.486,0.306,0.027,0.153
9.598,0,126.147,0.486,0.486,0.306,0.027,0.153
9.648,0,124.753,0.486,0.486,0.306,0.027,0.153
9.698,0,123.403,0.485,0.485,0.306,0.027,0.152
9.748,0,122.048,0.485,0.485,0.306,0.027,0.152
9.798,0,120.711,0.485,0.485,0.306,0.027,0.152
9.848,0,119.394,0.485,0.485,0.306,0.027,0.151
9.898,0,118.087,0.484,0.484,0.306,0.027,0.151
9.948,0,116.808,0.484,0.484,0.306,0.027,0.151
9.998,0,115.53,0.484,0.484,0.306,0.027,0.15
10.048,0,114.266,0.484,0.484,0.306,0.027,0.15
10.098,0,112.994,0.483,0.483,0.307,0.027,0.15
10.148,0,111.763,0.483,0.483,0.307,0.027,0.15
10.198,0,110.549,0.483,0.483,0.307,0.027,0.149
10.248,0,109.331,0.483,0.483,0.307,0.027,0.149
10.298,0,108.143,0.482,0.482,0.307,0.027,0.149
10.348,0,106.968,0.482,0.482,0.307,0.027,0.148
10.398,0,105.781,0.482,0.482,0.307,0.027,0.148
10.448,0,104.633,0.482,0.482,0.307,0.027,0.148
10.498,0,103.476,0.481,0.481,0.307,0.027,0.148
10.548,0,102.341,0.481,0.481,0.307,0.027,0.147
10.598,0,101.232,0.481,0.481,0.307,0.027,0.147
10.648,0,100.128,0.481,0.481,0.307,0.027,0.147
10.698,0,99.042,0.481,0.481,0.307,0.027,0.147
10.748,0,97.959,0.48,0.48,0.307,0.027,0.146
10.798,0,96.888,0.48,0.48,0.307,0.027,0.146
10.848,0,95.824,0.48,0.48,0.308,0.027,0.146
10.898,0,94.788,0.48,0.48,0.308,0.026,0.146
10.948,0,93.747,0.479,0.479,0.308,0.026,0.145
10.998,0,92.704,0.479,0.479,0.308,0.026,0.145
11.048,0,91.687,0.479,0.479,0.308,0.026,0.145
11.098,0,90.67,0.479,0.479,0.308,0.026,0.145
11.148,0,89.671,0.479,0.479,0.308,0.026,0.144
11.198,0,88.695,0.478,0.478,0.308,0.026,0.144
11.248,0,87.74,0.478,0.478,0.308,0.026,0.144
11.298,0,86.761,0.478,0.478,0.308,0.026,0.144
11.348,0,85.809,0.478,0.478,0.308,0.026,0.143
11.398,0,84.842,0.478,0.478,0.308,0.026,0.143
11.448,0,83.908,0.477,0.477,0.308,0.026,0.143
11.498,0,82.977,0.477,0.477,0.308,0.026,0.143
11.548,0,82.063,0.477,0.477,0.308,0.026,0.143
11.598,0,81.162,0.477,0.477,0.308,0.026,0.142
11.648,0,80.258,0.477,0.477,0.308,0.026,0.142
11.698,0,79.352,0.476,0.476,0.308,0.026,0.142
11.748,0,78.485,0.476,0.476,0.309,0.026,0.142
11.798,0,77.604,0.476,0.476,0.309,0.026,0.141
11.848,0,76.732,0.476,0.476,0.309,0.026,0.141
11.898,0,75.873,0.476,0.476,0.309,0.026,0.141
11.948,0,75.045,0.475,0.476,0.309,0.026,0.141
11.998,0,74.201,0.475,0.475,0.309,0.026,0.141
12.048,0,73.361,0.475,0.475,0.309,0.026,0.14
12.098,0,72.551,0.475,0.475,0.309,0.026,0.14
12.148,0,71.734,0.475,0.475,0.309,0.026,0.14
12.198,0,70.919,0.475,0.475,0.309,0.026,0.14
12.248,0,70.14,0.474,0.474,0.309,0.026,0.14
12.298,0,69.358,0.474,0.474,0.309,0.026,0.139
12.348,0,68.571,0.474,0.474,0.309,0.026,0.139
12.398,0,67.808,0.474,0.474,0.309,0.026,0.139
12.448,0,67.031,0.474,0.474,0.309,0.026,0.139
12.498,0,66.266,0.474,0.474,0.309,0.026,0.139
12.548,0,65.516,0.473,0.473,0.309,0.026,0.138
12.598,0,64.777,0.473,0.473,0.309,0.026,0.138
12.648,0,64.037,0.473,0.473,0.309,0.026,0.138
12.698,0,63.3,0.473,0.473,0.309,0.026,0.138
12.748,0,62.578,0.473,0.473,0.309,0.026,0.138
12.798,0,61.874,0.473,0.473,0.31,0.026,0.138
12.848,0,61.156,0.472,0.472,0.31,0.026,0.137
12.898,0,60.45,0.472,0.472,0.31,0.025,0.137
12.948,0,59.753,0.472,0.472,0.31,0.025,0.137
12.998,0,59.073,0.472,0.472,0.31,0.025,0.137
13.048,0,58.384,0.472,0.472,0.31,0.025,0.137
13.098,0,57.714,0.472,0.472,0.31,0.025,0.136
13.148,0,57.045,0.471,0.471,0.31,0.025,0.136
13.198,0,56.38,0.471,0.471,0.31,0.025,0.136
13.248,0,55.727,0.471,0.471,0.31,0.025,0.136
13.298,0,55.087,0.471,0.471,0.31,0.025,0.136
13.348,0,54.44,0.471,0.471,0.31,0.025,0.136
13.398,0,53.795,0.471,0.471,0.31,0.025,0.135
13.448,0,53.173,0.471,0.471,0.31,0.025,0.135
13.498,0,52.544,0.47,0.47,0.31,0.025,0.135
13.548,0,51.922,0.47,0.47,0.31,0.025,0.135
13.598,0,51.301,0.47,0.47,0.31,0.025,0.135
13.648,0,50.688,0.47,0.47,0.31,0.025,0.135
13.698,0,50.076,0.47,0.47,0.31,0.025,0.134
13.748,0,49.475,0.47,0.47,0.31,0.025,0.134
13.798,0,48.885,0.47,0.47,0.31,0.025,0.134
13.848,0,48.305,0.469,0.469,0.31,0.025,0.134
13.898,0,47.738,0.469,0.469,0.31,0.025,0.134
13.948,0,47.174,0.469,0.469,0.31,0.025,0.134
13.998,0,46.589,0.469,0.469,0.31,0.025,0.134
14.048,0,46.014,0.469,0.469,0.311,0.025,0.133
14.098,0,45.458,0.469,0.469,0.311,0.025,0.133
14.148,0,44.915,0.469,0.469,0.311,0.025,0.133
14.198,0,44.366,0.469,0.469,0.311,0.025,0.133
14.248,0,43.827,0.468,0.468,0.311,0.025,0.133
14.298,0,43.283,0.468,0.468,0.311,0.025,0.133
14.348,0,42.752,0.468,0.468,0.311,0.025,0.132
14.398,0,42.227,0.468,0.468,0.311,0.025,0.132
14.448,0,41.71,0.468,0.468,0.311,0.025,0.132
14.498,0,41.192,0.468,0.468,0.311,0.025,0.132
14.548,0,40.681,0.468,0.468,0.311,0.025,0.132
14.598,0,40.18,0.468,0.468,0.311,0.025,0.132
14.648,0,39.675,0.467,0.467,0.311,0.025,0.132
14.698,0,39.178,0.467,0.467,0.311,0.025,0.132
14.748,0,38.689,0.467,0.467,0.311,0.025,0.131
14.798,0,38.207,0.467,0.467,0.311,0.025,0.131
14.848,0,37.727,0.467,0.467,0.311,0.025,0.131
14.898,0,37.246,0.467,0.467,0.311,0.025,0.131
14.948,0,36.763,0.467,0.467,0.311,0.025,0.131
14.998,0,36.29,0.467,0.467,0.311,0.025,0.131
15.048,0,35.82,0.467,0.467,0.311,0.025,0.131
15.098,0,35.355,0.466,0.466,0.311,0.025,0.13
15.148,0,34.897,0.466,0.466,0.311,0.025,0.13
15.198,0,34.436,0.466,0.466,0.311,0.025,0.13
15.248,0,33.989,0.466,0.466,0.311,0.025,0.13
15.298,0,33.544,0.466,0.466,0.311,0.025,0.13
15.348,0,33.106,0.466,0.466,0.311,0.025,0.13
15.398,0,32.654,0.466,0.466,0.311,0.025,0.13
15.448,0,32.226,0.466,0.466,0.311,0.025,0.13
15.498,0,31.794,0.466,0.466,0.311,0.025,0.129
15.548,0,31.37,0.465,0.465,0.312,0.025,0.129
15.598,0,30.941,0.465,0.465,0.312,0.025,0.129
15.648,0,30.528,0.465,0.465,0.312,0.025,0.129
15.698,0,30.126,0.465,0.465,0.312,0.025,0.129
15.748,0,29.735,0.465,0.465,0.312,0.025,0.129
15.798,0,29.34,0.465,0.465,0.312,0.024,0.129
15.848,0,28.934,0.465,0.465,0.312,0.024,0.129
15.898,0,28.534,0.465,0.465,0.312,0.024,0.129
15.948,0,28.146,0.465,0.465,0.312,0.024,0.128
15.998,0,27.751,0.465,0.465,0.312,0.024,0.128
16.048,0,27.367,0.464,0.464,0.312,0.024,0.128
16.098,0,26.987,0.464,0.464,0.312,0.024,0.128
16.148,0,26.611,0.464,0.464,0.312,0.024,0.128
16.198,0,26.244,0.464,0.464,0.312,0.024,0.128
16.248,0,25.881,0.464,0.464,0.312,0.024,0.128
16.298,0,25.509,0.464,0.464,0.312,0.024,0.128
16.348,0,25.144,0.464,0.464,0.312,0.024,0.128
16.398,0,24.786,0.464,0.464,0.312,0.024,0.127
16.448,0,24.432,0.464,0.464,0.312,0.024,0.127
16.498,0,24.08,0.464,0.464,0.312,0.024,0.127
16.548,0,23.726,0.464,0.464,0.312,0.024,0.127
16.598,0,23.374,0.463,0.463,0.312,0.024,0.127
16.648,0,23.04,0.463,0.463,0.312,0.024,0.127
16.698,0,22.693,0.463,0.463,0.312,0.024,0.127
16.748,0,22.355,0.463,0.463,0.312,0.024,0.127
16.798,0,22.021,0.463,0.463,0.312,0.024,0.127
16.848,0,21.677,0.463,0.463,0.312,0.024,0.127
16.898,0,21.345,0.463,0.463,0.312,0.024,0.126
16.948,0,21.041,0.463,0.463,0.312,0.024,0.126
16.998,0,20.734,0.463,0.463,0.312,0.024,0.126
17.048,0,20.425,0.463,0.463,0.312,0.024,0.126
17.098,0,20.1,0.463,0.463,0.312,0.024,0.126
17.148,0,19.777,0.463,0.463,0.312,0.024,0.126
17.198,0,19.471,0.462,0.462,0.312,0.024,0.126
17.248,0,19.181,0.462,0.462,0.312,0.024,0.126
17.298,0,18.872,0.462,0.462,0.312,0.024,0.126
17.348,0,18.571,0.462,0.462,0.312,0.024,0.126
17.398,0,18.277,0.462,0.462,0.312,0.024,0.126
17.448,0,17.986,0.462,0.462,0.312,0.024,0.126
17.498,0,17.695,0.462,0.462,0.312,0.024,0.125
17.548,0,17.41,0.462,0.462,0.312,0.024,0.125
17.598,0,17.129,0.462,0.462,0.312,0.024,0.125
17.648,0,16.849,0.462,0.462,0.313,0.024,0.125
17.698,0,16.57,0.462,0.462,0.313,0.024,0.125
17.748,0,16.303,0.462,0.462,0.313,0.024,0.125
17.798,0,16.028,0.462,0.462,0.313,0.024,0.125
17.848,0,15.754,0.461,0.462,0.313,0.024,0.125
17.898,0,15.486,0.461,0.461,0.313,0.024,0.125
17.948,0,15.228,0.461,0.461,0.313,0.024,0.125
17.998,0,14.99,0.461,0.461,0.313,0.024,0.125
18.048,0,14.728,0.461,0.461,0.313,0.024,0.125
18.098,0,14.481,0.461,0.461,0.313,0.024,0.124
18.148,0,14.239,0.461,0.461,0.313,0.024,0.124
18.198,0,13.977,0.461,0.461,0.313,0.024,0.124
18.248,0,13.724,0.461,0.461,0.313,0.024,0.124
18.298,0,13.475,0.461,0.461,0.313,0.024,0.124
18.348,0,13.234,0.461,0.461,0.313,0.024,0.124
18.398,0,12.996,0.461,0.461,0.313,0.024,0.124
18.448,0,12.766,0.461,0.461,0.313,0.024,0.124
18.498,0,12.536,0.461,0.461,0.313,0.024,0.124
18.548,0,12.307,0.461,0.461,0.313,0.024,0.124
18.598,0,12.077,0.46,0.461,0.313,0.024,0.124
18.648,0,11.848,0.46,0.46,0.313,0.024,0.124
18.698,0,11.631,0.46,0.46,0.313,0.024,0.124
18.748,0,11.407,0.46,0.46,0.313,0.024,0.124
18.798,0,11.189,0.46,0.46,0.313,0.024,0.123
18.848,0,10.976,0.46,0.46,0.313,0.024,0.123
18.898,0,10.764,0.46,0.46,0.313,0.024,0.123
18.948,0,10.548,0.46,0.46,0.313,0.024,0.123
18.998,0,10.336,0.46,0.46,0.313,0.024,0.123
19.048,0,10.132,0.46,0.46,0.313,0.024,0.123
19.098,0,9.928,0.46,0.46,0.313,0.024,0.123
19.148,0,9.725,0.46,0.46,0.313,0.024,0.123
19.198,0,9.533,0.46,0.46,0.313,0.024,0.123
19.248,0,9.332,0.46,0.46,0.313,0.024,0.123
19.298,0,9.138,0.46,0.46,0.313,0.024,0.123
19.348,0,8.942,0.46,0.46,0.313,0.024,0.123
19.398,0,8.75,0.46,0.46,0.313,0.024,0.123
19.448,0,8.564,0.46,0.46,0.313,0.024,0.123
19.498,0,8.377,0.46,0.46,0.313,0.024,0.123
19.548,0,8.205,0.459,0.459,0.313,0.024,0.123
19.598,0,8.02,0.459,0.459,0.313,0.024,0.123
19.648,0,7.845,0.459,0.459,0.313,0.024,0.122
19.698,0,7.681,0.459,0.46,0.313,0.024,0.122
19.748,0,7.509,0.459,0.46,0.313,0.024,0.122
19.798,0,7.329,0.459,0.459,0.313,0.024,0.122
19.848,0,7.147,0.459,0.459,0.313,0.024,0.122
19.898,0,6.985,0.459,0.459,0.313,0.024,0.122
19.948,0,6.82,0.459,0.459,0.313,0.024,0.122
19.998,0,6.653,0.459,0.459,0.313,0.024,0.122
20.048,0,6.493,0.459,0.459,0.313,0.024,0.122
20.098,0,6.352,0.459,0.459,0.313,0.024,0.122
20.148,0,6.192,0.459,0.459,0.313,0.024,0.122
20.198,0,6.039,0.459,0.459,0.313,0.024,0.122
20.248,0,5.896,0.459,0.459,0.313,0.024,0.122
20.298,0,5.752,0.459,0.46,0.313,0.024,0.122
20.348,0,5.614,0.459,0.46,0.313,0.024,0.122
20.398,0,5.448,0.459,0.459,0.313,0.024,0.122
20.448,0,5.304,0.459,0.459,0.313,0.024,0.122
20.498,0,5.187,0.459,0.46,0.313,0.024,0.122
20.548,0,5.046,0.459,0.459,0.313,0.024,0.122
20.598,0,4.913,0.459,0.459,0.313,0.024,0.122
20.648,0,4.773,0.459,0.459,0.313,0.024,0.122
20.698,0,4.631,0.458,0.459,0.313,0.024,0.121
20.748,0,4.508,0.458,0.459,0.313,0.024,0.121
20.798,0,4.398,0.458,0.459,0.313,0.024,0.121
20.848,0,4.281,0.458,0.46,0.313,0.024,0.121
20.898,0,4.162,0.458,0.46,0.313,0.024,0.121
20.948,0,4.059,0.458,0.46,0.313,0.024,0.121
20.998,0,3.928,0.458,0.46,0.313,0.024,0.121
21.048,0,3.812,0.458,0.46,0.313,0.024,0.121
21.098,0,3.69,0.458,0.459,0.313,0.024,0.121
21.148,0,3.573,0.458,0.459,0.313,0.024,0.121
21.198,0,3.472,0.458,0.459,0.313,0.024,0.121
21.248,0,3.36,0.458,0.459,0.314,0.024,0.121
21.298,0,3.248,0.458,0.459,0.314,0.024,0.121
21.348,0,3.122,0.458,0.458,0.314,0.024,0.121
21.398,0,3.023,0.458,0.458,0.314,0.024,0.121
21.448,0,2.918,0.458,0.458,0.314,0.024,0.121
21.498,0,2.82,0.458,0.458,0.314,0.024,0.121
21.548,0,2.724,0.458,0.458,0.314,0.024,0.121
21.598,0,2.627,0.458,0.458,0.314,0.024,0.121
21.648,0,2.538,0.458,0.458,0.314,0.024,0.121
21.698,0,2.437,0.458,0.458,0.314,0.024,0.121
21.748,0,2.36,0.458,0.458,0.314,0.024,0.121
21.798,0,2.277,0.458,0.458,0.314,0.024,0.121
21.848,0,2.183,0.458,0.458,0.314,0.024,0.121
21.898,0,2.106,0.458,0.458,0.314,0.024,0.121
21.948,0,2.027,0.458,0.458,0.314,0.024,0.121
21.998,0,1.947,0.458,0.459,0.314,0.024,0.121
22.048,0,1.867,0.458,0.459,0.314,0.024,0.121
22.098,0,1.787,0.458,0.459,0.314,0.024,0.121
22.148,0,1.717,0.458,0.459,0.314,0.024,0.121
22.198,0,1.654,0.458,0.46,0.314,0.024,0.121
22.248,0,1.583,0.458,0.461,0.314,0.024,0.12
22.298,0,1.515,0.458,0.462,0.314,0.024,0.12
22.348,0,1.457,0.458,0.463,0.314,0.024,0.12
22.398,0,1.417,0.458,0.468,0.314,0.024,0.12
22.448,0,1.357,0.458,0.469,0.314,0.024,0.12
22.498,0,1.291,0.458,0.47,0.314,0.024,0.12
22.548,0,1.232,0.458,0.471,0.314,0.024,0.12
22.598,0,1.182,0.458,0.475,0.314,0.024,0.12
22.648,0,1.137,0.458,0.479,0.314,0.024,0.12
22.698,0,1.085,0.458,0.482,0.314,0.023,0.12
22.748,0,1.045,0.457,0.487,0.314,0.023,0.12
22.798,0,0.999,0.457,0.491,0.314,0.023,0.12
22.848,0,0.958,0.458,0.497,0.315,0.023,0.12
22.898,0,0.905,0.46,0.501,0.317,0.023,0.12
22.948,0,0.876,0.462,0.511,0.318,0.023,0.12
22.998,0,0.861,0.463,0.525,0.319,0.023,0.12
23.048,0,0.837,0.465,0.537,0.321,0.023,0.12
23.098,0,0.788,0.467,0.542,0.323,0.023,0.12
23.148,0,0.775,0.468,0.558,0.324,0.023,0.12
23.198,0,0.742,0.47,0.569,0.326,0.023,0.12
23.248,0,0.732,0.471,0.585,0.328,0.023,0.12
23.298,0,0.708,0.473,0.597,0.329,0.023,0.12
23.348,0,0.687,0.474,0.609,0.331,0.023,0.12
23.398,0,0.654,0.476,0.617,0.333,0.023,0.12
23.448,0,0.62,0.478,0.622,0.335,0.023,0.12
23.498,0,0.578,0.481,0.625,0.337,0.023,0.12
23.548,0,0.546,0.483,0.624,0.339,0.023,0.12
23.598,0,0.506,0.485,0.623,0.341,0.023,0.12
23.648,0,0.475,0.487,0.617,0.343,0.023,0.12
23.698,0,0.45,0.488,0.603,0.344,0.023,0.12
23.748,0,0.422,0.489,0.586,0.345,0.023,0.12
23.798,0,0.393,0.49,0.566,0.347,0.023,0.12
23.848,0,0.36,0.492,0.543,0.348,0.023,0.12
23.898,0,0.329,0.493,0.516,0.349,0.023,0.12
23.948,0,0.3,0.494,0.485,0.35,0.023,0.12
23.998,0,0.275,0.494,0.449,0.351,0.023,0.12
24.048,0,0.25,0.495,0.412,0.351,0.023,0.12
24.098,0,0.229,0.494,0.373,0.351,0.023,0.12
# Event APOGEE occurred at t=24.148 seconds,,,,,,,
24.148,0,0.206,0.494,0.335,0.351,0.023,0.12
# Event RECOVERY_DEVICE_DEPLOYMENT occurred at t=24.149 seconds,,,,,,,
24.198,0,0.176,0.496,0.297,0.352,0.023,0.12
24.203,0,0.841,NaN,NaN,NaN,NaN,NaN
24.703,0,0.84,NaN,NaN,NaN,NaN,NaN
25.203,0,1.192,NaN,NaN,NaN,NaN,NaN
25.703,0,2.111,NaN,NaN,NaN,NaN,NaN
26.203,0,3.533,NaN,NaN,NaN,NaN,NaN
26.703,0,5.654,NaN,NaN,NaN,NaN,NaN
27.203,0,8.145,NaN,NaN,NaN,NaN,NaN
27.703,0,11.155,NaN,NaN,NaN,NaN,NaN
28.203,0,14.635,NaN,NaN,NaN,NaN,NaN
28.703,0,18.553,NaN,NaN,NaN,NaN,NaN
29.203,0,22.941,NaN,NaN,NaN,NaN,NaN
29.703,0,27.68,NaN,NaN,NaN,NaN,NaN
30.203,0,32.674,NaN,NaN,NaN,NaN,NaN
30.703,0,38.026,NaN,NaN,NaN,NaN,NaN
31.203,0,43.547,NaN,NaN,NaN,NaN,NaN
31.703,0,49.369,NaN,NaN,NaN,NaN,NaN
32.203,0,55.324,NaN,NaN,NaN,NaN,NaN
32.703,0,61.393,NaN,NaN,NaN,NaN,NaN
33.203,0,67.536,NaN,NaN,NaN,NaN,NaN
33.703,0,73.712,NaN,NaN,NaN,NaN,NaN
34.203,0,79.899,NaN,NaN,NaN,NaN,NaN
34.703,0,86.056,NaN,NaN,NaN,NaN,NaN
35.203,0,92.173,NaN,NaN,NaN,NaN,NaN
35.703,0,98.199,NaN,NaN,NaN,NaN,NaN
36.203,0,104.13,NaN,NaN,NaN,NaN,NaN
36.703,0,109.894,NaN,NaN,NaN,NaN,NaN
37.203,0,115.498,NaN,NaN,NaN,NaN,NaN
37.703,0,121.007,NaN,NaN,NaN,NaN,NaN
38.203,0,126.344,NaN,NaN,NaN,NaN,NaN
38.703,0,131.358,NaN,NaN,NaN,NaN,NaN
39.203,0,136.219,NaN,NaN,NaN,NaN,NaN
39.703,0,140.855,NaN,NaN,NaN,NaN,NaN
40.203,0,145.337,NaN,NaN,NaN,NaN,NaN
40.703,0,149.58,NaN,NaN,NaN,NaN,NaN
41.203,0,153.692,NaN,NaN,NaN,NaN,NaN
41.703,0,157.494,NaN,NaN,NaN,NaN,NaN
42.203,0,161.146,NaN,NaN,NaN,NaN,NaN
42.703,0,164.64,NaN,NaN,NaN,NaN,NaN
43.203,0,167.869,NaN,NaN,NaN,NaN,NaN
43.703,0,170.867,NaN,NaN,NaN,NaN,NaN
44.203,0,173.691,NaN,NaN,NaN,NaN,NaN
44.703,0,176.348,NaN,NaN,NaN,NaN,NaN
45.203,0,178.815,NaN,NaN,NaN,NaN,NaN
45.703,0,181.203,NaN,NaN,NaN,NaN,NaN
46.203,0,183.409,NaN,NaN,NaN,NaN,NaN
46.703,0,185.436,NaN,NaN,NaN,NaN,NaN
47.203,0,187.319,NaN,NaN,NaN,NaN,NaN
47.703,0,189.053,NaN,NaN,NaN,NaN,NaN
48.203,0,190.676,NaN,NaN,NaN,NaN,NaN
48.703,0,192.148,NaN,NaN,NaN,NaN,NaN
49.203,0,193.501,NaN,NaN,NaN,NaN,NaN
49.703,0,194.796,NaN,NaN,NaN,NaN,NaN
50.203,0,195.988,NaN,NaN,NaN,NaN,NaN
50.703,0,197.096,NaN,NaN,NaN,NaN,NaN
51.203,0,198.103,NaN,NaN,NaN,NaN,NaN
51.703,0,199.006,NaN,NaN,NaN,NaN,NaN
52.203,0,199.862,NaN,NaN,NaN,NaN,NaN
52.703,0,200.605,NaN,NaN,NaN,NaN,NaN
53.203,0,201.254,NaN,NaN,NaN,NaN,NaN
53.703,0,201.868,NaN,NaN,NaN,NaN,NaN
54.203,0,202.488,NaN,NaN,NaN,NaN,NaN
54.703,0,203.028,NaN,NaN,NaN,NaN,NaN
55.203,0,203.538,NaN,NaN,NaN,NaN,NaN
55.703,0,203.969,NaN,NaN,NaN,NaN,NaN
56.203,0,204.34,NaN,NaN,NaN,NaN,NaN
# Event RECOVERY_DEVICE_DEPLOYMENT occurred at t=56.204 seconds,,,,,,,
56.703,0,204.71,NaN,NaN,NaN,NaN,NaN
56.705,0,5238.018,NaN,NaN,NaN,NaN,NaN
56.706,0,5192.23,NaN,NaN,NaN,NaN,NaN
56.707,0,5169.45,NaN,NaN,NaN,NaN,NaN
56.708,0,5146.823,NaN,NaN,NaN,NaN,NaN
56.709,0,5124.349,NaN,NaN,NaN,NaN,NaN
56.71,0,5102.025,NaN,NaN,NaN,NaN,NaN
56.711,0,5079.851,NaN,NaN,NaN,NaN,NaN
56.712,0,5057.824,NaN,NaN,NaN,NaN,NaN
56.713,0,5035.945,NaN,NaN,NaN,NaN,NaN
56.714,0,5014.211,NaN,NaN,NaN,NaN,NaN
56.715,0,4992.621,NaN,NaN,NaN,NaN,NaN
56.716,0,4971.174,NaN,NaN,NaN,NaN,NaN
56.717,0,4949.869,NaN,NaN,NaN,NaN,NaN
56.718,0,4928.704,NaN,NaN,NaN,NaN,NaN
56.719,0,4907.678,NaN,NaN,NaN,NaN,NaN
56.72,0,4886.79,NaN,NaN,NaN,NaN,NaN
56.721,0,4866.039,NaN,NaN,NaN,NaN,NaN
56.722,0,4845.424,NaN,NaN,NaN,NaN,NaN
56.723,0,4824.943,NaN,NaN,NaN,NaN,NaN
56.724,0,4804.595,NaN,NaN,NaN,NaN,NaN
56.725,0,4784.379,NaN,NaN,NaN,NaN,NaN
56.726,0,4764.294,NaN,NaN,NaN,NaN,NaN
56.727,0,4744.339,NaN,NaN,NaN,NaN,NaN
56.728,0,4724.484,NaN,NaN,NaN,NaN,NaN
56.729,0,4704.628,NaN,NaN,NaN,NaN,NaN
56.73,0,4684.774,NaN,NaN,NaN,NaN,NaN
56.731,0,4664.92,NaN,NaN,NaN,NaN,NaN
56.732,0,4645.067,NaN,NaN,NaN,NaN,NaN
56.734,0,4625.214,NaN,NaN,NaN,NaN,NaN
56.735,0,4605.361,NaN,NaN,NaN,NaN,NaN
56.736,0,4585.51,NaN,NaN,NaN,NaN,NaN
56.737,0,4565.659,NaN,NaN,NaN,NaN,NaN
56.738,0,4545.808,NaN,NaN,NaN,NaN,NaN
56.739,0,4525.958,NaN,NaN,NaN,NaN,NaN
56.74,0,4506.109,NaN,NaN,NaN,NaN,NaN
56.741,0,4486.26,NaN,NaN,NaN,NaN,NaN
56.742,0,4466.412,NaN,NaN,NaN,NaN,NaN
56.743,0,4446.565,NaN,NaN,NaN,NaN,NaN
56.744,0,4426.718,NaN,NaN,NaN,NaN,NaN
56.745,0,4406.871,NaN,NaN,NaN,NaN,NaN
56.747,0,4387.026,NaN,NaN,NaN,NaN,NaN
56.748,0,4367.181,NaN,NaN,NaN,NaN,NaN
56.749,0,4347.336,NaN,NaN,NaN,NaN,NaN
56.75,0,4327.493,NaN,NaN,NaN,NaN,NaN
56.751,0,4307.65,NaN,NaN,NaN,NaN,NaN
56.752,0,4287.809,NaN,NaN,NaN,NaN,NaN
56.754,0,4267.968,NaN,NaN,NaN,NaN,NaN
56.755,0,4248.127,NaN,NaN,NaN,NaN,NaN
56.756,0,4228.287,NaN,NaN,NaN,NaN,NaN
56.757,0,4208.448,NaN,NaN,NaN,NaN,NaN
56.758,0,4188.609,NaN,NaN,NaN,NaN,NaN
56.76,0,4168.771,NaN,NaN,NaN,NaN,NaN
56.761,0,4148.934,NaN,NaN,NaN,NaN,NaN
56.762,0,4129.097,NaN,NaN,NaN,NaN,NaN
56.763,0,4109.262,NaN,NaN,NaN,NaN,NaN
56.765,0,4089.427,NaN,NaN,NaN,NaN,NaN
56.766,0,4069.592,NaN,NaN,NaN,NaN,NaN
56.767,0,4049.759,NaN,NaN,NaN,NaN,NaN
56.768,0,4029.926,NaN,NaN,NaN,NaN,NaN
56.77,0,4010.094,NaN,NaN,NaN,NaN,NaN
56.771,0,3990.263,NaN,NaN,NaN,NaN,NaN
56.772,0,3970.432,NaN,NaN,NaN,NaN,NaN
56.774,0,3950.603,NaN,NaN,NaN,NaN,NaN
56.775,0,3930.774,NaN,NaN,NaN,NaN,NaN
56.776,0,3910.946,NaN,NaN,NaN,NaN,NaN
56.778,0,3891.118,NaN,NaN,NaN,NaN,NaN
56.779,0,3871.292,NaN,NaN,NaN,NaN,NaN
56.78,0,3851.466,NaN,NaN,NaN,NaN,NaN
56.782,0,3831.641,NaN,NaN,NaN,NaN,NaN
56.783,0,3811.817,NaN,NaN,NaN,NaN,NaN
56.785,0,3791.994,NaN,NaN,NaN,NaN,NaN
56.786,0,3772.172,NaN,NaN,NaN,NaN,NaN
56.788,0,3752.351,NaN,NaN,NaN,NaN,NaN
56.789,0,3732.53,NaN,NaN,NaN,NaN,NaN
56.79,0,3712.711,NaN,NaN,NaN,NaN,NaN
56.792,0,3692.892,NaN,NaN,NaN,NaN,NaN
56.793,0,3673.074,NaN,NaN,NaN,NaN,NaN
56.795,0,3653.257,NaN,NaN,NaN,NaN,NaN
56.796,0,3633.441,NaN,NaN,NaN,NaN,NaN
56.798,0,3613.626,NaN,NaN,NaN,NaN,NaN
56.799,0,3593.812,NaN,NaN,NaN,NaN,NaN
56.801,0,3573.999,NaN,NaN,NaN,NaN,NaN
56.803,0,3554.185,NaN,NaN,NaN,NaN,NaN
56.804,0,3534.373,NaN,NaN,NaN,NaN,NaN
56.806,0,3514.562,NaN,NaN,NaN,NaN,NaN
56.807,0,3494.753,NaN,NaN,NaN,NaN,NaN
56.809,0,3474.944,NaN,NaN,NaN,NaN,NaN
56.811,0,3455.137,NaN,NaN,NaN,NaN,NaN
56.812,0,3435.33,NaN,NaN,NaN,NaN,NaN
56.814,0,3415.525,NaN,NaN,NaN,NaN,NaN
56.816,0,3395.72,NaN,NaN,NaN,NaN,NaN
56.817,0,3375.917,NaN,NaN,NaN,NaN,NaN
56.819,0,3356.115,NaN,NaN,NaN,NaN,NaN
56.821,0,3336.313,NaN,NaN,NaN,NaN,NaN
56.822,0,3316.513,NaN,NaN,NaN,NaN,NaN
56.824,0,3296.714,NaN,NaN,NaN,NaN,NaN
56.826,0,3276.917,NaN,NaN,NaN,NaN,NaN
56.828,0,3257.12,NaN,NaN,NaN,NaN,NaN
56.83,0,3237.324,NaN,NaN,NaN,NaN,NaN
56.831,0,3217.53,NaN,NaN,NaN,NaN,NaN
56.833,0,3197.737,NaN,NaN,NaN,NaN,NaN
56.835,0,3177.945,NaN,NaN,NaN,NaN,NaN
56.837,0,3158.155,NaN,NaN,NaN,NaN,NaN
56.839,0,3138.365,NaN,NaN,NaN,NaN,NaN
56.841,0,3118.577,NaN,NaN,NaN,NaN,NaN
56.843,0,3098.79,NaN,NaN,NaN,NaN,NaN
56.845,0,3079.005,NaN,NaN,NaN,NaN,NaN
56.847,0,3059.22,NaN,NaN,NaN,NaN,NaN
56.849,0,3039.437,NaN,NaN,NaN,NaN,NaN
56.851,0,3019.656,NaN,NaN,NaN,NaN,NaN
56.853,0,2999.875,NaN,NaN,NaN,NaN,NaN
56.855,0,2980.094,NaN,NaN,NaN,NaN,NaN
56.857,0,2960.316,NaN,NaN,NaN,NaN,NaN
56.859,0,2940.54,NaN,NaN,NaN,NaN,NaN
56.861,0,2920.766,NaN,NaN,NaN,NaN,NaN
56.863,0,2900.993,NaN,NaN,NaN,NaN,NaN
56.865,0,2881.221,NaN,NaN,NaN,NaN,NaN
56.868,0,2861.451,NaN,NaN,NaN,NaN,NaN
56.87,0,2841.683,NaN,NaN,NaN,NaN,NaN
56.872,0,2821.916,NaN,NaN,NaN,NaN,NaN
56.874,0,2802.15,NaN,NaN,NaN,NaN,NaN
56.877,0,2782.386,NaN,NaN,NaN,NaN,NaN
56.879,0,2762.624,NaN,NaN,NaN,NaN,NaN
56.881,0,2742.864,NaN,NaN,NaN,NaN,NaN
56.884,0,2723.105,NaN,NaN,NaN,NaN,NaN
56.886,0,2703.348,NaN,NaN,NaN,NaN,NaN
56.888,0,2683.592,NaN,NaN,NaN,NaN,NaN
56.891,0,2663.838,NaN,NaN,NaN,NaN,NaN
56.893,0,2644.086,NaN,NaN,NaN,NaN,NaN
56.896,0,2624.336,NaN,NaN,NaN,NaN,NaN
56.898,0,2604.588,NaN,NaN,NaN,NaN,NaN
56.901,0,2584.841,NaN,NaN,NaN,NaN,NaN
56.904,0,2565.096,NaN,NaN,NaN,NaN,NaN
56.906,0,2545.354,NaN,NaN,NaN,NaN,NaN
56.909,0,2525.613,NaN,NaN,NaN,NaN,NaN
56.912,0,2505.874,NaN,NaN,NaN,NaN,NaN
56.914,0,2486.137,NaN,NaN,NaN,NaN,NaN
56.917,0,2466.402,NaN,NaN,NaN,NaN,NaN
56.92,0,2446.67,NaN,NaN,NaN,NaN,NaN
56.923,0,2426.939,NaN,NaN,NaN,NaN,NaN
56.926,0,2407.21,NaN,NaN,NaN,NaN,NaN
56.928,0,2387.484,NaN,NaN,NaN,NaN,NaN
56.931,0,2367.76,NaN,NaN,NaN,NaN,NaN
56.934,0,2348.038,NaN,NaN,NaN,NaN,NaN
56.937,0,2328.319,NaN,NaN,NaN,NaN,NaN
56.94,0,2308.601,NaN,NaN,NaN,NaN,NaN
56.944,0,2288.886,NaN,NaN,NaN,NaN,NaN
56.947,0,2269.174,NaN,NaN,NaN,NaN,NaN
56.95,0,2249.464,NaN,NaN,NaN,NaN,NaN
56.953,0,2229.756,NaN,NaN,NaN,NaN,NaN
56.956,0,2210.055,NaN,NaN,NaN,NaN,NaN
56.96,0,2190.352,NaN,NaN,NaN,NaN,NaN
56.963,0,2170.652,NaN,NaN,NaN,NaN,NaN
56.967,0,2150.955,NaN,NaN,NaN,NaN,NaN
56.97,0,2131.261,NaN,NaN,NaN,NaN,NaN
56.974,0,2111.569,NaN,NaN,NaN,NaN,NaN
56.977,0,2091.88,NaN,NaN,NaN,NaN,NaN
56.981,0,2072.194,NaN,NaN,NaN,NaN,NaN
56.985,0,2052.511,NaN,NaN,NaN,NaN,NaN
56.988,0,2032.831,NaN,NaN,NaN,NaN,NaN
56.992,0,2013.154,NaN,NaN,NaN,NaN,NaN
56.996,0,1993.48,NaN,NaN,NaN,NaN,NaN
57,0,1973.81,NaN,NaN,NaN,NaN,NaN
57.004,0,1954.143,NaN,NaN,NaN,NaN,NaN
57.008,0,1934.478,NaN,NaN,NaN,NaN,NaN
57.012,0,1914.817,NaN,NaN,NaN,NaN,NaN
57.016,0,1895.16,NaN,NaN,NaN,NaN,NaN
57.021,0,1875.507,NaN,NaN,NaN,NaN,NaN
57.025,0,1855.857,NaN,NaN,NaN,NaN,NaN
57.029,0,1836.21,NaN,NaN,NaN,NaN,NaN
57.034,0,1816.568,NaN,NaN,NaN,NaN,NaN
57.038,0,1796.93,NaN,NaN,NaN,NaN,NaN
57.043,0,1777.295,NaN,NaN,NaN,NaN,NaN
57.048,0,1757.665,NaN,NaN,NaN,NaN,NaN
57.053,0,1738.038,NaN,NaN,NaN,NaN,NaN
57.058,0,1718.416,NaN,NaN,NaN,NaN,NaN
57.063,0,1698.798,NaN,NaN,NaN,NaN,NaN
57.068,0,1679.185,NaN,NaN,NaN,NaN,NaN
57.073,0,1659.577,NaN,NaN,NaN,NaN,NaN
57.078,0,1639.973,NaN,NaN,NaN,NaN,NaN
57.084,0,1620.373,NaN,NaN,NaN,NaN,NaN
57.089,0,1600.779,NaN,NaN,NaN,NaN,NaN
57.095,0,1581.19,NaN,NaN,NaN,NaN,NaN
57.1,0,1561.606,NaN,NaN,NaN,NaN,NaN
57.106,0,1542.026,NaN,NaN,NaN,NaN,NaN
57.112,0,1522.442,NaN,NaN,NaN,NaN,NaN
57.118,0,1502.881,NaN,NaN,NaN,NaN,NaN
57.125,0,1483.326,NaN,NaN,NaN,NaN,NaN
57.131,0,1463.776,NaN,NaN,NaN,NaN,NaN
57.138,0,1444.233,NaN,NaN,NaN,NaN,NaN
57.144,0,1424.696,NaN,NaN,NaN,NaN,NaN
57.151,0,1405.166,NaN,NaN,NaN,NaN,NaN
57.158,0,1385.645,NaN,NaN,NaN,NaN,NaN
57.165,0,1366.136,NaN,NaN,NaN,NaN,NaN
57.172,0,1346.62,NaN,NaN,NaN,NaN,NaN
57.18,0,1327.111,NaN,NaN,NaN,NaN,NaN
57.188,0,1307.609,NaN,NaN,NaN,NaN,NaN
57.195,0,1288.115,NaN,NaN,NaN,NaN,NaN
57.203,0,1268.63,NaN,NaN,NaN,NaN,NaN
57.212,0,1249.153,NaN,NaN,NaN,NaN,NaN
57.22,0,1229.684,NaN,NaN,NaN,NaN,NaN
57.229,0,1210.224,NaN,NaN,NaN,NaN,NaN
57.238,0,1190.774,NaN,NaN,NaN,NaN,NaN
57.247,0,1171.333,NaN,NaN,NaN,NaN,NaN
57.257,0,1151.901,NaN,NaN,NaN,NaN,NaN
57.266,0,1132.475,NaN,NaN,NaN,NaN,NaN
57.276,0,1113.062,NaN,NaN,NaN,NaN,NaN
57.287,0,1093.663,NaN,NaN,NaN,NaN,NaN
57.297,0,1074.275,NaN,NaN,NaN,NaN,NaN
57.308,0,1054.899,NaN,NaN,NaN,NaN,NaN
57.32,0,1035.535,NaN,NaN,NaN,NaN,NaN
57.331,0,1016.184,NaN,NaN,NaN,NaN,NaN
57.344,0,996.847,NaN,NaN,NaN,NaN,NaN
57.356,0,977.523,NaN,NaN,NaN,NaN,NaN
57.369,0,958.216,NaN,NaN,NaN,NaN,NaN
57.382,0,938.923,NaN,NaN,NaN,NaN,NaN
57.396,0,919.644,NaN,NaN,NaN,NaN,NaN
57.411,0,900.382,NaN,NaN,NaN,NaN,NaN
57.426,0,881.14,NaN,NaN,NaN,NaN,NaN
57.441,0,861.918,NaN,NaN,NaN,NaN,NaN
57.457,0,842.714,NaN,NaN,NaN,NaN,NaN
57.474,0,823.529,NaN,NaN,NaN,NaN,NaN
57.492,0,804.362,NaN,NaN,NaN,NaN,NaN
57.51,0,785.218,NaN,NaN,NaN,NaN,NaN
57.529,0,766.096,NaN,NaN,NaN,NaN,NaN
57.549,0,746.998,NaN,NaN,NaN,NaN,NaN
57.571,0,727.929,NaN,NaN,NaN,NaN,NaN
57.593,0,708.883,NaN,NaN,NaN,NaN,NaN
57.616,0,689.871,NaN,NaN,NaN,NaN,NaN
57.64,0,670.894,NaN,NaN,NaN,NaN,NaN
57.666,0,651.949,NaN,NaN,NaN,NaN,NaN
57.693,0,633.024,NaN,NaN,NaN,NaN,NaN
57.722,0,614.153,NaN,NaN,NaN,NaN,NaN
57.753,0,595.359,NaN,NaN,NaN,NaN,NaN
57.785,0,576.578,NaN,NaN,NaN,NaN,NaN
57.82,0,557.841,NaN,NaN,NaN,NaN,NaN
57.857,0,539.142,NaN,NaN,NaN,NaN,NaN
57.897,0,520.541,NaN,NaN,NaN,NaN,NaN
57.939,0,502.04,NaN,NaN,NaN,NaN,NaN
57.986,0,483.581,NaN,NaN,NaN,NaN,NaN
58.036,0,465.155,NaN,NaN,NaN,NaN,NaN
58.09,0,446.873,NaN,NaN,NaN,NaN,NaN
58.15,0,428.639,NaN,NaN,NaN,NaN,NaN
58.216,0,410.5,NaN,NaN,NaN,NaN,NaN
58.289,0,392.636,NaN,NaN,NaN,NaN,NaN
58.37,0,374.747,NaN,NaN,NaN,NaN,NaN
58.462,0,357.009,NaN,NaN,NaN,NaN,NaN
58.567,0,339.441,NaN,NaN,NaN,NaN,NaN
# Event GROUND_HIT occurred at t=58.664 seconds,,,,,,,
# Event SIMULATION_END occurred at t=58.664 seconds,,,,,,,
58.664,0,322.127,NaN,NaN,NaN,NaN,NaN
